date,regime,macro_grade,n_qualified,n_high,n_traps_blocked,top5_tickers,top5_scores
2026-04-28,BULL_QUIET,NEUTRAL,283,14,124,PDD,BMRN,NMR,HIG,NVST,0.828,0.816,0.809,0.789,0.784
2026-04-28,BULL_QUIET,NEUTRAL,550,27,227,PDD,FSLR,BSAC,BMRN,WB,0.831,0.830,0.829,0.825,0.821
2026-04-29,BULL_QUIET,NEUTRAL,372,26,156,RIGL,FSLR,BMRN,ACGL,TOL,0.886,0.830,0.818,0.816,0.807
2026-04-30,BULL_QUIET,NEUTRAL,628,32,238,NVAX,TIGR,FSLR,RAMP,TCEHY,0.872,0.825,0.819,0.815,0.810
2026-04-30,BULL_QUIET,NEUTRAL,477,24,206,RIGL,NVAX,WB,FUTU,ACGL,0.880,0.871,0.834,0.817,0.813
2026-05-01,BULL_QUIET,NEUTRAL,551,10,221,INCY,BSAC,NMR,FIVN,REGN,0.847,0.821,0.809,0.804,0.787
2026-05-04,BULL_QUIET,NEUTRAL,570,18,217,INCY,ACGL,COLB,ALGN,BKNG,0.835,0.832,0.788,0.787,0.784
2026-05-05,BULL_QUIET,NEUTRAL,435,23,146,INCY,FUTU,PDD,TOL,BBD,0.846,0.813,0.811,0.801,0.793
2026-05-05,BULL_QUIET,NEUTRAL,110,9,37,FUTU,ITUB,BMRN,TAK,RF,0.812,0.788,0.779,0.772,0.767
2026-05-05,BULL_QUIET,NEUTRAL,223,12,63,INCY,TOL,ALGN,DECK,PYPL,0.848,0.803,0.791,0.789,0.783
2026-05-06,BULL_QUIET,NEUTRAL,332,10,107,ITUB,ACGL,WIT,PYPL,BKNG,0.822,0.799,0.781,0.778,0.777
2026-05-07,BULL_QUIET,NEUTRAL,245,9,64,GMED,ALGN,TFC,TAK,HIG,0.810,0.777,0.775,0.772,0.772
2026-05-08,BULL_QUIET,NEUTRAL,141,7,41,ITUB,ALL,REGN,HIG,TOST,0.811,0.802,0.773,0.773,0.755
2026-05-11,BULL_QUIET,NEUTRAL,238,16,81,GMED,ALL,ITUB,EG,TCEHY,0.813,0.801,0.801,0.797,0.790
2026-05-12,BULL_QUIET,NEUTRAL,288,8,97,FUTU,BBD,ACGL,TOL,TAK,0.819,0.804,0.797,0.789,0.771
2026-05-13,BULL_QUIET,NEUTRAL,278,19,87,FSLR,FUTU,GMED,ITUB,TOL,0.826,0.824,0.810,0.807,0.796
2026-05-14,BULL_QUIET,NEUTRAL,183,18,52,FUTU,ACGL,PDD,JLL,TCEHY,0.826,0.824,0.816,0.795,0.792
2026-05-15,BULL_QUIET,NEUTRAL,205,16,57,BBD,TCEHY,IBN,NTES,ALLY,0.826,0.791,0.785,0.785,0.782
2026-05-18,BULL_QUIET,NEUTRAL,416,25,112,MFG,INCY,BBD,FSLR,GMED,0.859,0.853,0.825,0.816,0.809
2026-05-19,BULL_QUIET,NEUTRAL,319,25,90,INCY,FUTU,MFG,FSLR,GMED,0.852,0.828,0.826,0.816,0.810
2026-05-20,BULL_QUIET,NEUTRAL,238,13,65,INCY,FUTU,PDD,ACGL,BKNG,0.852,0.826,0.816,0.801,0.792
2026-05-21,BULL_QUIET,NEUTRAL,254,12,74,FUTU,FSLR,GMED,ALGN,PYPL,0.827,0.795,0.784,0.779,0.773
2026-05-22,BULL_QUIET,NEUTRAL,180,13,53,ITUB,BBD,PDD,ALL,ALGN,0.828,0.822,0.813,0.794,0.778
2026-05-25,BULL_QUIET,NEUTRAL,166,12,41,INCY,ITUB,PDD,ACGL,TCEHY,0.849,0.827,0.812,0.798,0.793
2026-05-26,BULL_QUIET,NEUTRAL,176,10,44,BBD,TCEHY,ALGN,HIG,NVDA,0.822,0.796,0.775,0.775,0.771
2026-05-27,BULL_QUIET,NEUTRAL,132,6,47,NVDA,GMED,BKNG,FIS,TEL,0.818,0.791,0.779,0.765,0.764
2026-05-28,BULL_QUIET,NEUTRAL,204,2,189,ITUB,NTES,0.817,0.804
2026-05-29,BULL_QUIET,NEUTRAL,347,13,101,INCY,EG,PDD,REGN,TCEHY,0.849,0.815,0.811,0.806,0.803
2026-06-01,BULL_QUIET,NEUTRAL,154,6,45,INCY,PYPL,ZTO,WDAY,USB,0.856,0.767,0.765,0.762,0.761
2026-06-02,BULL_QUIET,NEUTRAL,132,5,43,REGN,NTES,PNC,FIS,USB,0.811,0.793,0.768,0.768,0.763
2026-06-03,BULL_QUIET,NEUTRAL,537,30,152,INCY,BBD,EG,PDD,GMED,0.849,0.823,0.814,0.814,0.808
2026-06-04,BULL_QUIET,NEUTRAL,138,4,39,PDD,ALL,TSN,EVR,0.796,0.783,0.781,0.779
2026-06-05,BULL_QUIET,NEUTRAL,255,16,77,ITUB,BBD,NVDA,REGN,INCY,0.828,0.824,0.817,0.799,0.782
2026-06-08,BULL_QUIET,NEUTRAL,133,9,35,BBD,KB,GMED,HIG,TCEHY,0.818,0.806,0.803,0.794,0.784
2026-06-09,BULL_QUIET,NEUTRAL,121,8,34,SMCI,SYF,EVR,TEL,ALLY,0.791,0.782,0.775,0.772,0.757
2026-06-10,BULL_QUIET,NEUTRAL,225,12,50,FSLR,ITUB,REGN,TFC,AVGO,0.825,0.824,0.803,0.794,0.792
2026-06-11,BULL_QUIET,NEUTRAL,309,18,83,BBD,ACGL,NVDA,QCOM,GMED,0.825,0.816,0.812,0.812,0.809
2026-06-12,BULL_QUIET,NEUTRAL,130,5,27,ZM,AVGO,ALGN,LOGI,REGN,0.803,0.790,0.777,0.761,0.756
2026-06-15,BULL_VOLATILE,NEUTRAL,109,4,25,FCNCA,EG,HIG,LHX,0.791,0.788,0.778,0.761
2026-06-16,BULL_VOLATILE,NEUTRAL,346,13,92,BBD,FSLR,TFC,GMED,ZM,0.827,0.807,0.801,0.796,0.788
2026-06-17,BULL_VOLATILE,NEUTRAL,169,7,41,FSLR,ACGL,GMED,HIG,WIT,0.827,0.805,0.796,0.780,0.760
2026-06-18,BULL_VOLATILE,NEUTRAL,212,6,62,NVDA,GMED,NBIX,EG,TCEHY,0.810,0.802,0.798,0.791,0.779
2026-06-19,BULL_VOLATILE,NEUTRAL,158,9,42,FSLR,ACGL,EG,NBIX,NTES,0.833,0.816,0.803,0.788,0.785
2026-06-22,BULL_VOLATILE,NEUTRAL,113,6,34,GMED,ZM,WIT,PDD,UI,0.784,0.783,0.766,0.763,0.754
2026-06-23,BULL_VOLATILE,NEUTRAL,257,12,76,ITUB,NVDA,ACGL,QCOM,LOGI,0.835,0.808,0.802,0.787,0.774
2026-06-24,BULL_VOLATILE,NEUTRAL,100,2,25,AVGO,LOGI,0.768,0.762
2026-06-25,BULL_VOLATILE,NEUTRAL,219,5,67,ITUB,ZM,SF,NVO,ZTO,0.796,0.791,0.772,0.764,0.762
2026-06-26,BULL_VOLATILE,NEUTRAL,143,5,43,NTES,EME,WIT,ALGN,DECK,0.784,0.781,0.776,0.754,0.753
2026-06-29,BULL_VOLATILE,NEUTRAL,181,7,45,QCOM,ITUB,NTES,ZM,SMCI,0.820,0.797,0.790,0.785,0.777
2026-06-30,BULL_VOLATILE,NEUTRAL,450,8,121,NVDA,ITUB,NTES,KB,TSN,0.814,0.810,0.785,0.778,0.772
2026-07-01,BULL_VOLATILE,NEUTRAL,161,2,35,NVDA,SMCI,0.808,0.754
2026-07-02,BULL_VOLATILE,NEUTRAL,143,3,40,META,MU,AVGO,0.798,0.791,0.779
2026-07-03,BULL_VOLATILE,NEUTRAL,493,16,133,QCOM,NVDA,FSLR,GMED,NTES,0.830,0.817,0.817,0.789,0.782
2026-07-06,BULL_VOLATILE,NEUTRAL,144,6,36,QCOM,NTES,ZM,AVGO,MLI,0.826,0.800,0.796,0.789,0.771
2026-07-07,BULL_VOLATILE,NEUTRAL,109,5,34,AVGO,NTES,MLI,LOGI,CBOE,0.790,0.786,0.768,0.758,0.756
2026-07-08,BULL_VOLATILE,NEUTRAL,143,4,37,AVGO,AMKR,MU,CBOE,0.830,0.787,0.779,0.767
2026-07-09,BULL_VOLATILE,NEUTRAL,156,3,45,ITUB,NTES,VRTX,0.795,0.770,0.764
2026-07-10,BULL_QUIET,NEUTRAL,101,4,33,AVGO,ZM,SANM,0.799,0.798,0.756
2026-07-13,BULL_QUIET,NEUTRAL,155,7,44,ITUB,AVGO,MU,LOGI,BKNG,0.805,0.790,0.785,0.782,0.772
2026-07-14,BULL_QUIET,NEUTRAL,185,12,40,ITUB,NTES,AVGO,MLI,MU,0.804,0.802,0.787,0.784,0.782
2026-07-15,BULL_QUIET,NEUTRAL,116,7,24,ACGL,TOST,RMD,DXCM,GMED,0.805,0.790,0.763,0.763,0.756
2026-07-16,BULL_QUIET,NEUTRAL,130,5,35,ITUB,BBD,RMD,GMED,CINF,0.799,0.764,0.763,0.760,0.752
2026-07-17,BULL_QUIET,NEUTRAL,196,13,48,FSLR,TSM,QCOM,NTES,TCEHY,0.859,0.851,0.839,0.794,0.792
2026-07-20,BULL_QUIET,NEUTRAL,247,0,228,NVO,FAST,ESLT,CVNA,SYY,0.672,0.633,0.601,0.580,0.554
2026-07-21,BULL_QUIET,NEUTRAL,380,6,105,TSM,AVGO,NTNX,TSN,0.826,0.787,0.787,0.768
2026-07-22,BULL_QUIET,NEUTRAL,143,11,31,FSLR,NVDA,FICO,C,NTES,0.864,0.811,0.802,0.791,0.790
2026-07-23,BULL_QUIET,NEUTRAL,181,8,53,FICO,NVO,ITUB,SYF,DXCM,0.808,0.800,0.799,0.781,0.773
2026-07-24,BULL_QUIET,NEUTRAL,146,14,30,TSM,NVDA,TCEHY,ITUB,ADI,0.823,0.816,0.799,0.798,0.790
2026-07-27,BULL_QUIET,NEUTRAL,172,9,43,PDD,ZM,NVO,TOST,LOGI,0.814,0.793,0.792,0.789,0.787
2026-07-28,BULL_QUIET,NEUTRAL,166,10,45,QCOM,ITUB,FICO,TOST,GMED,0.836,0.801,0.794,0.786,0.754
2026-07-29,BULL_QUIET,NEUTRAL,130,7,37,MU,KB,CTSH,CRDO,BBD,0.795,0.787,0.783,0.767,0.765
2026-07-30,BULL_QUIET,NEUTRAL,138,12,41,TSM,CINF,LOGI,ZM,BKNG,0.857,0.808,0.803,0.789,0.767
2026-07-31,BULL_QUIET,NEUTRAL,95,7,22,COF,GOOGL,HBAN,FIS,MAS,0.816,0.776,0.772,0.772,0.768
2026-08-03,BULL_QUIET,NEUTRAL,131,6,39,NTES,C,MU,NVO,CRDO,0.793,0.791,0.786,0.775,0.771
2026-08-04,BULL_QUIET,NEUTRAL,395,20,96,FSLR,TSM,UMC,NBIX,TCEHY,0.846,0.817,0.812,0.804,0.798
2026-08-05,BULL_QUIET,NEUTRAL,583,28,150,FSLR,UMC,TSM,PDD,ITUB,0.843,0.815,0.814,0.810,0.802
2026-08-06,BULL_QUIET,NEUTRAL,565,25,150,FSLR,NTES,UMC,TSM,ITUB,0.839,0.828,0.812,0.812,0.805
2026-08-07,BULL_QUIET,NEUTRAL,106,9,25,NTES,NBIX,GS,AMKR,TER,0.832,0.794,0.792,0.781,0.775
2026-08-10,BULL_QUIET,NEUTRAL,533,29,142,NTES,ITUB,COF,IT,PDD,0.833,0.825,0.816,0.813,0.810
2026-08-11,BULL_QUIET,NEUTRAL,209,13,51,FSLR,UMC,CINF,CTSH,GOOGL,0.831,0.819,0.801,0.792,0.774
2026-08-12,BULL_QUIET,NEUTRAL,104,10,30,COF,DVA,CTSH,NXPI,NVO,0.797,0.795,0.790,0.787,0.774
2026-08-13,BULL_QUIET,NEUTRAL,278,13,77,FSLR,ITUB,NTES,UMC,TOST,0.838,0.830,0.822,0.817,0.796
2026-08-14,BULL_QUIET,NEUTRAL,118,7,29,NBIX,TOST,DVA,AMKR,TROW,0.810,0.796,0.795,0.795,0.765
2026-08-17,BULL_QUIET,NEUTRAL,143,3,39,NBIX,AVGO,TSM,0.811,0.784,0.771
2026-08-18,BULL_QUIET,NEUTRAL,654,35,178,FSLR,NTES,ITUB,SMCI,TSM,0.843,0.833,0.828,0.826,0.819
2026-08-19,BULL_QUIET,NEUTRAL,632,29,190,TSM,SMCI,IT,ITUB,NBIX,0.847,0.830,0.821,0.817,0.812
2026-08-20,BULL_QUIET,NEUTRAL,109,9,20,TSM,SMCI,CINF,CTSH,GOOGL,0.836,0.820,0.794,0.791,0.776
2026-08-21,BULL_QUIET,NEUTRAL,92,5,28,FUTU,AVGO,PINS,BBD,FIS,0.801,0.781,0.775,0.771,0.759
2026-08-24,BULL_QUIET,NEUTRAL,444,34,125,FUTU,ITUB,NTES,PDD,PYPL,0.840,0.828,0.816,0.813,0.811
2026-08-25,BULL_QUIET,NEUTRAL,155,15,37,SYF,NBIX,NVDA,FSLR,PYPL,0.814,0.812,0.803,0.796,0.795
2026-08-26,BULL_QUIET,NEUTRAL,146,14,36,TSM,FUTU,NVDA,NTES,CINF,0.834,0.829,0.807,0.803,0.801
2026-08-27,BULL_QUIET,NEUTRAL,138,8,34,COF,ITUB,ZTO,GS,AMKR,0.852,0.829,0.801,0.787,0.785
2026-08-28,BULL_QUIET,NEUTRAL,125,14,25,CINF,ZM,C,UMC,TER,0.805,0.799,0.798,0.797,0.791
2026-08-31,BULL_QUIET,NEUTRAL,135,13,35,COF,TSM,IT,CINF,NVO,0.851,0.831,0.808,0.806,0.792
